{
  "trained_at": "2026-03-01T05:20:13.735988+00:00",
  "data_sources": {
    "data_dir": "C:\\new project\\New folder\\frontend\\Data",
    "mes_workbook": "C:\\new project\\New folder\\frontend\\Data\\MES_Manufacturing_M-231_M-356_M-471_M-607_M-612.xlsx",
    "machine_files": [
      "M231-11.csv",
      "M356-57.csv",
      "M471-23.csv",
      "M607-30.csv",
      "M612-33.csv"
    ]
  },
  "rows_train": 139759,
  "rows_val": 29948,
  "rows_test": 29951,
  "metrics": {
    "classifier": {
      "roc_auc": 0.6660994557745206,
      "pr_auc": 0.04174437859503095
    },
    "regression": {
      "mae": 42.826699655347134,
      "rmse": 95.13804183351621
    }
  },
  "feature_spec_hash": "b09faf6342b74634de00bd04a018f287849c2a278fe3d36c33b04509b7812c31",
  "horizon_minutes": 30,
  "feature_count": 603
}